<null function>, 0, _ZNSt8ios_base4InitC1Ev, _ZNSt8ios_base4InitD1Ev, __cxa_atexit, main, llvm.memset.p0i8.i64, _ZNSt6vectorIiSaIiEEC2Ev, _ZNSt6vectorIiSaIiEE9push_backEOi, __gxx_personality_v0, _ZStlsISt11char_traitsIcEERSt13basic_ostreamIcT_ES5_PKc, _ZNSolsEPFRSoS_E, _ZSt4endlIcSt11char_traitsIcEERSt13basic_ostreamIT_T0_ES6_, _ZNSt6vectorIiSaIiEED2Ev, _ZNSt12_Vector_baseIiSaIiEEC2Ev, _ZNSt12_Vector_baseIiSaIiEE12_Vector_implC2Ev, _ZNSaIiEC2Ev, _ZNSt12_Vector_baseIiSaIiEE17_Vector_impl_dataC2Ev, _ZN9__gnu_cxx13new_allocatorIiEC2Ev, _ZSt8_DestroyIPiiEvT_S1_RSaIT0_E, _ZNSt12_Vector_baseIiSaIiEE19_M_get_Tp_allocatorEv, _ZNSt12_Vector_baseIiSaIiEED2Ev, __clang_call_terminate, __cxa_begin_catch, _ZSt9terminatev, _ZSt8_DestroyIPiEvT_S1_, _ZNSt12_Destroy_auxILb1EE9__destroyIPiEEvT_S3_, _ZNSt12_Vector_baseIiSaIiEE13_M_deallocateEPim, _ZNSt12_Vector_baseIiSaIiEE12_Vector_implD2Ev, _ZNSt16allocator_traitsISaIiEE10deallocateERS0_Pim, _ZN9__gnu_cxx13new_allocatorIiE10deallocateEPim, _ZdlPv, _ZNSaIiED2Ev, _ZN9__gnu_cxx13new_allocatorIiED2Ev, _ZNSt6vectorIiSaIiEE12emplace_backIJiEEEvDpOT_, _ZSt4moveIRiEONSt16remove_referenceIT_E4typeEOS2_, _ZNSt16allocator_traitsISaIiEE9constructIiJiEEEvRS0_PT_DpOT0_, _ZSt7forwardIiEOT_RNSt16remove_referenceIS0_E4typeE, _ZNSt6vectorIiSaIiEE17_M_realloc_insertIJiEEEvN9__gnu_cxx17__normal_iteratorIPiS1_EEDpOT_, _ZNSt6vectorIiSaIiEE3endEv, _ZN9__gnu_cxx13new_allocatorIiE9constructIiJiEEEvPT_DpOT0_, _ZNKSt6vectorIiSaIiEE12_M_check_lenEmPKc, _ZN9__gnu_cxxmiIPiSt6vectorIiSaIiEEEENS_17__normal_iteratorIT_T0_E15difference_typeERKS8_SB_, _ZNSt6vectorIiSaIiEE5beginEv, _ZNSt12_Vector_baseIiSaIiEE11_M_allocateEm, _ZNSt6vectorIiSaIiEE11_S_relocateEPiS2_S2_RS0_, _ZNK9__gnu_cxx17__normal_iteratorIPiSt6vectorIiSaIiEEE4baseEv, _ZNKSt6vectorIiSaIiEE8max_sizeEv, _ZNKSt6vectorIiSaIiEE4sizeEv, _ZSt20__throw_length_errorPKc, _ZSt3maxImERKT_S2_S2_, _ZNSt6vectorIiSaIiEE11_S_max_sizeERKS0_, _ZNKSt12_Vector_baseIiSaIiEE19_M_get_Tp_allocatorEv, _ZNSt16allocator_traitsISaIiEE8max_sizeERKS0_, _ZSt3minImERKT_S2_S2_, _ZNK9__gnu_cxx13new_allocatorIiE8max_sizeEv, _ZN9__gnu_cxx17__normal_iteratorIPiSt6vectorIiSaIiEEEC2ERKS1_, _ZNSt16allocator_traitsISaIiEE8allocateERS0_m, _ZN9__gnu_cxx13new_allocatorIiE8allocateEmPKv, _ZSt17__throw_bad_allocv, _Znwm, _ZNSt6vectorIiSaIiEE14_S_do_relocateEPiS2_S2_RS0_St17integral_constantIbLb1EE, _ZSt12__relocate_aIPiS0_SaIiEET0_T_S3_S2_RT1_, _ZSt14__relocate_a_1IiiENSt9enable_ifIXsr3std24__is_bitwise_relocatableIT_EE5valueEPS1_E4typeES2_S2_S2_RSaIT0_E, _ZSt12__niter_baseIPiET_S1_, llvm.memmove.p0i8.p0i8.i64, _GLOBAL__sub_I_test.cpp
_GLOBAL__sub_I_test.cpp, 1, __cxx_global_var_init
__cxx_global_var_init, 1, _ZNSt8ios_base4InitC1Ev, __cxa_atexit
_ZNSt8ios_base4InitC1Ev, 2, <null function>
_ZNSt8ios_base4InitD1Ev, 1, <null function>
__cxa_atexit, 2, <null function>
__gxx_personality_v0, 1, <null function>
main, 1, _ZL1Av, _ZNSt6vectorIiSaIiEEC2Ev, _ZNSt6vectorIiSaIiEE9push_backEOi, _ZStlsISt11char_traitsIcEERSt13basic_ostreamIcT_ES5_PKc, _ZNSolsEPFRSoS_E, _ZNSt6vectorIiSaIiEED2Ev, _ZNSt6vectorIiSaIiEED2Ev
_ZL1Av, 1, _ZL1Bv, _ZL1Gv
llvm.memset.p0i8.i64, 1
_ZNSt6vectorIiSaIiEEC2Ev, 2, _ZNSt12_Vector_baseIiSaIiEEC2Ev
_ZNSt6vectorIiSaIiEE9push_backEOi, 2, _ZSt4moveIRiEONSt16remove_referenceIT_E4typeEOS2_, _ZNSt6vectorIiSaIiEE12emplace_backIJiEEEvDpOT_
_ZStlsISt11char_traitsIcEERSt13basic_ostreamIcT_ES5_PKc, 2, <null function>
_ZSt4endlIcSt11char_traitsIcEERSt13basic_ostreamIT_T0_ES6_, 1, <null function>
_ZNSolsEPFRSoS_E, 2, <null function>
_ZNSt6vectorIiSaIiEED2Ev, 3, _ZNSt12_Vector_baseIiSaIiEE19_M_get_Tp_allocatorEv, _ZSt8_DestroyIPiiEvT_S1_RSaIT0_E, _ZNSt12_Vector_baseIiSaIiEED2Ev, _ZNSt12_Vector_baseIiSaIiEED2Ev, __clang_call_terminate
_ZL1Bv, 1, _ZL1Cv
_ZL1Gv, 1, _ZL1Mv
_ZNSt12_Vector_baseIiSaIiEEC2Ev, 2, _ZNSt12_Vector_baseIiSaIiEE12_Vector_implC2Ev
_ZSt4moveIRiEONSt16remove_referenceIT_E4typeEOS2_, 2
_ZNSt6vectorIiSaIiEE12emplace_backIJiEEEvDpOT_, 2, _ZSt7forwardIiEOT_RNSt16remove_referenceIS0_E4typeE, _ZNSt16allocator_traitsISaIiEE9constructIiJiEEEvRS0_PT_DpOT0_, _ZNSt6vectorIiSaIiEE3endEv, _ZSt7forwardIiEOT_RNSt16remove_referenceIS0_E4typeE, _ZNSt6vectorIiSaIiEE17_M_realloc_insertIJiEEEvN9__gnu_cxx17__normal_iteratorIPiS1_EEDpOT_
_ZNSt12_Vector_baseIiSaIiEE19_M_get_Tp_allocatorEv, 4
_ZSt8_DestroyIPiiEvT_S1_RSaIT0_E, 2, _ZSt8_DestroyIPiEvT_S1_
_ZNSt12_Vector_baseIiSaIiEED2Ev, 3, _ZNSt12_Vector_baseIiSaIiEE13_M_deallocateEPim, _ZNSt12_Vector_baseIiSaIiEE12_Vector_implD2Ev, _ZNSt12_Vector_baseIiSaIiEE12_Vector_implD2Ev, __clang_call_terminate
__clang_call_terminate, 4, __cxa_begin_catch, _ZSt9terminatev
_ZL1Cv, 1, _ZL1Dv, _ZL1Xv
_ZL1Mv, 1, _ZL1Nv
_ZL1Dv, 3
_ZL1Xv, 1, _ZL1Yv
_ZL1Yv, 1, _ZL1Dv
_ZL1Nv, 1, _ZL1Ov
_ZL1Ov, 1, _ZL1Pv
_ZL1Pv, 1, _ZL1Sv
_ZL1Sv, 1, _ZL1Dv
_ZNSt12_Vector_baseIiSaIiEE12_Vector_implC2Ev, 2, _ZNSaIiEC2Ev, _ZNSt12_Vector_baseIiSaIiEE17_Vector_impl_dataC2Ev
_ZNSaIiEC2Ev, 2, _ZN9__gnu_cxx13new_allocatorIiEC2Ev
_ZNSt12_Vector_baseIiSaIiEE17_Vector_impl_dataC2Ev, 2
_ZN9__gnu_cxx13new_allocatorIiEC2Ev, 2
_ZNSt12_Vector_baseIiSaIiEE13_M_deallocateEPim, 3, _ZNSt16allocator_traitsISaIiEE10deallocateERS0_Pim
_ZSt8_DestroyIPiEvT_S1_, 2, _ZNSt12_Destroy_auxILb1EE9__destroyIPiEEvT_S3_
_ZNSt12_Vector_baseIiSaIiEE12_Vector_implD2Ev, 3, _ZNSaIiED2Ev
__cxa_begin_catch, 2, <null function>
_ZSt9terminatev, 2, <null function>
_ZNSt12_Destroy_auxILb1EE9__destroyIPiEEvT_S3_, 2
_ZNSaIiED2Ev, 2, _ZN9__gnu_cxx13new_allocatorIiED2Ev
_ZNSt16allocator_traitsISaIiEE10deallocateERS0_Pim, 2, _ZN9__gnu_cxx13new_allocatorIiE10deallocateEPim
_ZN9__gnu_cxx13new_allocatorIiED2Ev, 2
_ZN9__gnu_cxx13new_allocatorIiE10deallocateEPim, 2, _ZdlPv
_ZdlPv, 2, <null function>
_ZSt7forwardIiEOT_RNSt16remove_referenceIS0_E4typeE, 6
_ZNSt16allocator_traitsISaIiEE9constructIiJiEEEvRS0_PT_DpOT0_, 3, _ZSt7forwardIiEOT_RNSt16remove_referenceIS0_E4typeE, _ZN9__gnu_cxx13new_allocatorIiE9constructIiJiEEEvPT_DpOT0_
_ZNSt6vectorIiSaIiEE3endEv, 2, _ZN9__gnu_cxx17__normal_iteratorIPiSt6vectorIiSaIiEEEC2ERKS1_
_ZNSt6vectorIiSaIiEE17_M_realloc_insertIJiEEEvN9__gnu_cxx17__normal_iteratorIPiS1_EEDpOT_, 2, _ZNKSt6vectorIiSaIiEE12_M_check_lenEmPKc, _ZNSt6vectorIiSaIiEE5beginEv, _ZN9__gnu_cxxmiIPiSt6vectorIiSaIiEEEENS_17__normal_iteratorIT_T0_E15difference_typeERKS8_SB_, _ZNSt12_Vector_baseIiSaIiEE11_M_allocateEm, _ZSt7forwardIiEOT_RNSt16remove_referenceIS0_E4typeE, _ZNSt16allocator_traitsISaIiEE9constructIiJiEEEvRS0_PT_DpOT0_, _ZNK9__gnu_cxx17__normal_iteratorIPiSt6vectorIiSaIiEEE4baseEv, _ZNSt12_Vector_baseIiSaIiEE19_M_get_Tp_allocatorEv, _ZNSt6vectorIiSaIiEE11_S_relocateEPiS2_S2_RS0_, _ZNK9__gnu_cxx17__normal_iteratorIPiSt6vectorIiSaIiEEE4baseEv, _ZNSt12_Vector_baseIiSaIiEE19_M_get_Tp_allocatorEv, _ZNSt6vectorIiSaIiEE11_S_relocateEPiS2_S2_RS0_, _ZNSt12_Vector_baseIiSaIiEE13_M_deallocateEPim
_ZNSt6vectorIiSaIiEE5beginEv, 2, _ZN9__gnu_cxx17__normal_iteratorIPiSt6vectorIiSaIiEEEC2ERKS1_
_ZN9__gnu_cxx13new_allocatorIiE9constructIiJiEEEvPT_DpOT0_, 2, _ZSt7forwardIiEOT_RNSt16remove_referenceIS0_E4typeE
_ZNKSt6vectorIiSaIiEE12_M_check_lenEmPKc, 2, _ZNKSt6vectorIiSaIiEE8max_sizeEv, _ZNKSt6vectorIiSaIiEE4sizeEv, _ZSt20__throw_length_errorPKc, _ZNKSt6vectorIiSaIiEE4sizeEv, _ZNKSt6vectorIiSaIiEE4sizeEv, _ZSt3maxImERKT_S2_S2_, _ZNKSt6vectorIiSaIiEE4sizeEv, _ZNKSt6vectorIiSaIiEE8max_sizeEv, _ZNKSt6vectorIiSaIiEE8max_sizeEv
_ZN9__gnu_cxxmiIPiSt6vectorIiSaIiEEEENS_17__normal_iteratorIT_T0_E15difference_typeERKS8_SB_, 2, _ZNK9__gnu_cxx17__normal_iteratorIPiSt6vectorIiSaIiEEE4baseEv, _ZNK9__gnu_cxx17__normal_iteratorIPiSt6vectorIiSaIiEEE4baseEv
_ZNSt12_Vector_baseIiSaIiEE11_M_allocateEm, 2, _ZNSt16allocator_traitsISaIiEE8allocateERS0_m
_ZNK9__gnu_cxx17__normal_iteratorIPiSt6vectorIiSaIiEEE4baseEv, 5
_ZNSt6vectorIiSaIiEE11_S_relocateEPiS2_S2_RS0_, 3, _ZNSt6vectorIiSaIiEE14_S_do_relocateEPiS2_S2_RS0_St17integral_constantIbLb1EE
_ZSt20__throw_length_errorPKc, 2, <null function>
_ZN9__gnu_cxx17__normal_iteratorIPiSt6vectorIiSaIiEEEC2ERKS1_, 3
_ZNKSt6vectorIiSaIiEE8max_sizeEv, 4, _ZNKSt12_Vector_baseIiSaIiEE19_M_get_Tp_allocatorEv, _ZNSt6vectorIiSaIiEE11_S_max_sizeERKS0_
_ZNKSt6vectorIiSaIiEE4sizeEv, 5
_ZSt3maxImERKT_S2_S2_, 2
_ZNKSt12_Vector_baseIiSaIiEE19_M_get_Tp_allocatorEv, 2
_ZNSt16allocator_traitsISaIiEE8allocateERS0_m, 2, _ZN9__gnu_cxx13new_allocatorIiE8allocateEmPKv
_ZNSt6vectorIiSaIiEE14_S_do_relocateEPiS2_S2_RS0_St17integral_constantIbLb1EE, 2, _ZSt12__relocate_aIPiS0_SaIiEET0_T_S3_S2_RT1_
_ZNSt6vectorIiSaIiEE11_S_max_sizeERKS0_, 2, _ZNSt16allocator_traitsISaIiEE8max_sizeERKS0_, _ZSt3minImERKT_S2_S2_, __clang_call_terminate
_ZNSt16allocator_traitsISaIiEE8max_sizeERKS0_, 2, _ZNK9__gnu_cxx13new_allocatorIiE8max_sizeEv
_ZSt3minImERKT_S2_S2_, 2
_ZNK9__gnu_cxx13new_allocatorIiE8max_sizeEv, 3
_ZN9__gnu_cxx13new_allocatorIiE8allocateEmPKv, 2, _ZNK9__gnu_cxx13new_allocatorIiE8max_sizeEv, _ZSt17__throw_bad_allocv, _Znwm
_ZSt17__throw_bad_allocv, 2, <null function>
_Znwm, 2, <null function>
_ZSt12__relocate_aIPiS0_SaIiEET0_T_S3_S2_RT1_, 2, _ZSt12__niter_baseIPiET_S1_, _ZSt12__niter_baseIPiET_S1_, _ZSt12__niter_baseIPiET_S1_, _ZSt14__relocate_a_1IiiENSt9enable_ifIXsr3std24__is_bitwise_relocatableIT_EE5valueEPS1_E4typeES2_S2_S2_RSaIT0_E
_ZSt12__niter_baseIPiET_S1_, 4
_ZSt14__relocate_a_1IiiENSt9enable_ifIXsr3std24__is_bitwise_relocatableIT_EE5valueEPS1_E4typeES2_S2_S2_RSaIT0_E, 2
llvm.memmove.p0i8.p0i8.i64, 1
BC¿ﬁ5     b0$IYæ&Ô”>-D2    !  z  !       Å#ëA»I29íÑ%ãbÄ EBíB28K
2ÇàHpƒ!#DáåAíd»± CFà …2ÇÑ*(*ê1|∞\ë »»   Q  Ç  H'¯ˇˇˇˇp bﬁA‰°∆Åÿ!⁄@ﬁ°‹Å Å⁄Ä“¡“Å °Ê!‰Å⁄¿‡°⁄!Ë svòár rHáyq`árhzát`á6áp`vò¿¬ÅÊ° Ç aÊ°‡A a“a °Ã⁄!»0áp`áy(Ähátpá6`ár8áp`á6∞árzxyhÉ{Hr†t ‡  ‹·⁄¿‰!⁄°⁄ ﬁ!‹Å A⁄†ÿ!⁄†y®ár wxá60yáv(á6ÄáwHw†árêá6(vHávhwxwhv(áp0ÄpáwhÉtpsòá60xhÉvz@¿¬ÅÊ° ¬ﬁ°‘°⁄⁄Ä¬Aÿ°Ê0áp`áy(Äpáwhwwòá60xhÉvz@¿¬ÅÊ° ¬ﬁ°Ê!Œ¡ Å⁄@ Aﬁa⁄¿‡°⁄!Ë svòár wxá6†yxÄátpáshÉvz@¿¬ÅÊ° bË!∆a⁄ ‰·Ë°∆ÅﬁA⁄@Í¡Ã°‰°Ê!Ù° < zy8ár†á6x® ¿⁄¿Ë  Ë!‰· Å⁄¿ !Ë°‰°ÊXs¿áyê6XÉvh|`É5òáy(6XÉyòárê6X|¿É; àzpáys(á60xhÉvz@¿¬ÅÊ° ¢Ê°⁄`ﬁ¡Ë°ÃÅﬁ!Ë0áp`áy(`ÉÀˇˇˇˇ?„Ú Â0Ù¿˘–Úı‡‰P‰–‰êˆê‰Pm0Ò Ù–Ê m–·@Ë òC8∞√<î@êC:ÃC8à;îC–C8§;¥¡8Ñ;∞√< ÊÏ0Â ÏPÛ0m ÚP„êÛPm`–·@Ä9Ñ;ÃC9 Ñ;ºCòÉ<ÑC;îC¿√;§É;–C9»Cî;§C; Ù ıP¿‡Ô–Ê ·–Â–È‡ÙPÚ–Â¿È–m‡Ô‡m¿ÂÊ ÓmêÓ`Û–Ê m–·@Ë òC8∞√<î@∏√;¥Å;ÑÉ;ÃCò<¥A;Ñ=†`·¿ÛP ·Ô–ÛêÁ‡Â@m†Â Ô0m`–ÌÙÄÄ9Ñ;ÃC9 Ñ;ºC–É<Ñ<¿C:∏√9¥A;Ñ=†`·¿ÛP 1Ù„∞m ÚÙP„@Ô m ı`ÊPÚ–Ûê˙P  =ÑÉ<úC9–Cå<‘Äx`m`t ÙÚpÂ@m`ÂÙPÚPÛ ¨Å9‡√<»¨A;¥>∞¡Ã√<î¨¡<ÃC9»¨>‡¡ D=∏√<ÑÉ9îCò<¥A;Ñ=†`·¿ÛP QÛPm0Ô`Ù–Ê¿ÔÙ òC8∞√<î∞fÜˇˇˇˇ âáwêy(áq†v»á6êáw®w ár á6 át∞át árhÉyày†á60xhÉvz@¿¬ÅÊ° Ç“a¬Aÿ°⁄Ä¬!ÿ°∆!ÿÅÊ0áp`áy(Ä`áròáyhxêárátòárhsÄávr Ã!ÿa  ‹·⁄¿‰!⁄°⁄ ﬁ!‹Å A⁄†ÿ!⁄†y®ár wxá60yáv(á6ÄáwHw†árêá6(vHávhwxwhv(áp0ÄpáwhÉtpsòá60xhÉvz@¿¬ÅÊ° ¬ﬁ°‹!‹a⁄¿‡°⁄!Ë svòár wxá6òát8w(rh}(yxáyhsÄá6háp†t Ã!ÿa  ‹·⁄Ä‰!‡“¡Œ°⁄!Ë svòár ày†ápáuhxêáw†árzxyhq®s0árêá6òát–ár   Ë!‰· Å⁄`‡° |¿;h;†Ä†ápêás(zhs(áp†ázêárò`ÃÊAÿ`⁄°Å÷`Ê°ÿ`Êa Aÿ`Ó  Í¡Ê!Ã°⁄¿‡°⁄!Ë svòár àzòárhÉyxs†á60vxáp†¿¬ÅÊ°ÄÒˇˇˇˇ m@ù‚ˇˇˇˇ¿‡ (Ä¬Äáwêy(áq†v»á6êáw®w ár á6 át∞át árhÉyày†á60xhÉvz@¿¬ÅÊ° Ç“a¬Aÿ°⁄Ä¬!ÿ°∆!ÿÅÊ0áp`áy(Ä`áròáyhxêárátòárhsÄávr Ã!ÿa  ⁄!‹°ÿ°Œ!ÿ°Ï°∆ÅﬁA⁄‡“ÅË 8 wxá60yáv(á6ÄáwHw†árêá6(vHáv ËAÍ°Ä¡ﬁ°ÃA¬° °‡·“¡Ë°‰° Å“°⁄¿ﬁ¡⁄Ä !Ã ‹·⁄ ‹¡Ê°Ã⁄†¬Å–0áp`áy(Äpáwhu®ávÄá6†ápv(áy Ã!ÿa  ‹·⁄¿¬¡Ê°Ã⁄†¬Å–0áp`áy(ÄpáwhÉyHáspár á6–árêáwòá60xhÉvz@¿¬ÅÊ° ¬ﬁ°ËA¬‡!‹·⁄†¬Å–0áp`áy(ÄòzáqXá6Äyxz(áq†áwêá6áz0s(yhÉyH}(  Ç¬AŒ°Ë°∆Í¿<∞É6∞: zy8ár†á60árz®y(áy ÷¿a‰Å÷†⁄ÿ`Êa Å÷`Ê°‰Ä÷ ‡ ¢‹a¬¡ °Ã⁄†¬Å–0áp`áy(Ä®áy(á6òáw0zhs`áwz Ã!ÿa ÿ`:∆ˇˇˇˇÄî¿a@å√;»É<î√8–;‰C»√;‘É;êC9êCêC:ÿC:êC9¥¡<ƒÉ<–Cò<¥A;Ñ=†`·¿ÛP AÈ0· ÏPm@·êÏ–„Ï¿Û òC8∞√<î@∞C9Ã√<¥<»C9åC:ÃC9¥Å9¿C;Ñ9 ÊÏ0Â ÌêÓ–ÏPÁÏ–ˆP„@Ô mpÈ@ÙÄ  Ñ;ºCòÉ<ÑC;îC¿√;§É;–C9»Cî;§C; Ù ıP¿‡Ô–Ê ·–Â–È‡ÙPÚ–Â¿È–m‡Ô‡m¿ÂÊ ÓmêÓ`Û–Ê m–·@Ë òC8∞√<î@∏√;¥Å:‘C;¿C–C8à;î√< ÊÏ0Â Óm‡·‡Û–Ê m–·@Ë òC8∞√<î@∏√;¥¡<§√9∏C9êCËC9»√;ÃCò<¥A;Ñ=†`·¿ÛP ·Ô–Ù · êÓpm–·@Ë òC8∞√<î@Ã=Ñ√8¨C¿É<º=î√8–√;»CàC=òÉ9îÉ<¥¡<§É>îÄ A· ÁPÙ–„ ı ‡ÿAÿ =ÑÉ<úC9–CòC9Ñ=‘É<î√< k`¯0Ú¿k–ÌÄl∞Û0Â¿k0ÛPr¿kÄxp QÓ0·`Â–Ê m–·@Ë òC8∞√<î@‘√<îCÃ√;ò=¥Å9∞√;Ñ= ÊÏ0Â l0éˇˇˇˇÄ6 § @P'˘ˇˇˇˇp 	(Ä¬Äáwêy(áq†v»á6êáw®w ár á6 át∞át árhÉyày†á60xhÉvz@¿¬ÅÊ° Ç“a¬Aÿ°⁄Ä¬!ÿ°∆!ÿÅÊ0áp`áy(Ä`áròáyhxêárátòárhsÄávr Ã!ÿa  ⁄!‹°ÿ°Œ!ÿ°Ï°∆ÅﬁA⁄‡“ÅË 8 wxá60yáv(á6ÄáwHw†árêá6(vHáv ËAÍ°Ä¡ﬁ°ÃA¬° °‡·“¡Ë°‰° Å“°⁄¿ﬁ¡⁄Ä !Ã ‹·⁄ ‹¡Ê°Ã⁄†¬Å–0áp`áy(Äpáwhu®ávÄá6†ápv(áy Ã!ÿa  ‹·⁄¿¬¡Ê°Ã⁄†¬Å–0áp`áy(ÄpáwhÉyHáspár á6–árêáwòá60xhÉvz@¿¬ÅÊ° ¬ﬁ°ËA¬‡!‹·⁄†¬Å–0áp`áy(ÄòzáqXá6Äyxz(áq†áwêá6áz0s(yhÉyH}(  Ç¬AŒ°Ë°∆Í¿<∞É6∞: zy8ár†á60árz®y(áy ÷¿a‰Å÷†⁄ÿ`Êa Å÷`Ê°‰Ä÷ ‡ ¢‹a¬¡ °Ã⁄†¬Å–0áp`áy(Ä®áy(á6òáw0zhs`áwz Ã!ÿa ÿP(BêƒÜbÇ4Äëi #äf“ ÿP8@ê¡‰˘ˇˇˇˇpÄê6P§A∞Af¢ˇˇˇˇ êàqxyêárz`á|hyxázpr(rhrH{Hr(á6òáxêzhsÄá6háp†t Ã!ÿa  »!Ê!ƒÅ °Ë!“Å⁄`¬Åÿa svòár v(áyòá6Äy(áqHáy(á60xháp ¿¬ÅÊ° ¬ﬁ°ÃA¬° °‡·“¡Ë°‰° Å“° zêáz(`páwhsêáphárhxxátpz(yhÉr`áthá6páwpá6`árs wxá6Hw0áyhsÄá6háp†t Ã!ÿa  ‹·⁄¿¬¡Ê°Ã⁄†¬Å–0áp`áy(ÄpáwhÉyHáspár á6–árêáwòá60xhÉvz@¿¬ÅÊ° ¬ﬁ°ËA¬‡!‹·⁄†¬Å–0áp`áy(ÄòzáqXá6Äyxz(áq†áwêá6áz0s(yhÉyH}(  Ç¬AŒ°Ë°∆Í¿<∞É6∞: zy8ár†á60árz®y(áy ÷¿a‰Å÷†⁄ÿ`Êa Å÷`Ê°‰Ä÷ ‡ ¢‹a¬¡ °Ã⁄†¬Å–0áp`áy(Ä®áy(á6òáw0zhs`áwz Ã!ÿa ÿPH@êƒÜb
Ç4 6‘§±°®Ç êÖ%iÄl(."HÉ`CÅA `&˚ˇˇˇˇààqxyêárz`á|hyxázpr(rhrH{Hr(á6òáxêzhsÄá6háp†t Ã!ÿa  »!Ê!ƒÅ °Ë!“Å⁄`¬Åÿa svòár v(áyòá6Äy(áqHáy(á60xháp ¿¬ÅÊ° ¬ﬁ°ÃA¬° °‡·“¡Ë°‰° Å“° zêáz(`páwhsêáphárhxxátpz(yhÉr`áthá6páwpá6`árs wxá6Hw0áyhsÄá6háp†t Ã!ÿa  ‹·⁄¿¬¡Ê°Ã⁄†¬Å–0áp`áy(ÄpáwhÉyHáspár á6–árêáwòá60xhÉvz@¿¬ÅÊ° ¬ﬁ°ËA¬‡!‹·⁄†¬Å–0áp`áy(ÄòzáqXá6Äyxz(áq†áwêá6áz0s(yhÉyH}(  Ç¬AŒ°Ë°∆Í¿<∞É6∞: zy8ár†á60árz®y(áy ÷¿a‰Å÷†⁄ÿ`Êa Å÷`Ê°‰Ä÷ ‡ ¢‹a¬¡ °Ã⁄†¬Å–0áp`áy(Ä®áy(á6òáw0zhs`áwz Ã!ÿa ÿ 3⁄ˇˇˇˇÄBå√;»É<î√8–;‰C»√;‘É;êC9êCêC:ÿC:êC9¥¡<ƒÉ<–Cò<¥A;Ñ=†`·¿ÛP AÈ0· ÏPm@·êÏ–„Ï¿Û òC8∞√<î@∞C9Ã√<¥<»C9åC:ÃC9¥Å9¿C;Ñ9 ÊÏ0Â Óm`ÚÌPm ÔêÓ@Â mPÏêÌ –É<‘C9 É;ºCòÉ<ÑC;îC¿√;§É;–C9»Cî;§C;¥Å;ºÉ;¥;îC8ò@∏√;¥A:∏É9ÃCò<¥A;Ñ=†`·¿ÛP ·Ô–ÓÓ0m`–ÌÙÄÄ9Ñ;ÃC9 Ñ;ºCÃC:úÉ;î9¥Å>îÉ<º√<¥Å9¿C¥C8–: ÊÏ0Â Óm@Ú È‡Á–ÌÙÄÄ9Ñ;ÃC9 ƒ<–C8å√:¥<»√;–C9å=ºÉ<¥Å8‘É9òC9»CÃC:ËC9 x ÙÚpÂ@m0P >‡Å¥Å–@–C8»√9î=¥Å9îC8–C=»C9Ã∞ÊÄÛ l∞Ì–¯¿k0ÛPl∞Û0Â l∞¯Äw ı‡ÛÊPm`–ÌÙÄÄ9Ñ;ÃC9 D=ÃC9¥¡<ºÉ9–Cò;ºC8–`·¿ÛP¿bÄd¡¿≤¡Ë`™Ö≤¡¯˛ˇˇˇ "@⁄@Ä¡ˇˇˇˇ@¥°É àÖA@    I  )   Ç`B LÜ	1!(&∆·@&…¡P&¬¬LÑeÇ`4Ñƒô<öDÜDö&	DMjÇêPÜ§≤&…5AH∞	A6ÅH∞ ö $–!±&⁄6a8∏nB‡Mî	¬¬Lñ	!M¬ô4ÇoB MàöPÇö0ï5A ∞	qMkB ¨≤&4A1  â   {  2"
 dÖ$§Ñ$„Ñ°êLêåÑM∏≈2S6ÏÛ0n0Ù@z†ÈÛ‚ÛPz†©‡È@( † ò# ÉPÃÄ9å êF!àa&2òzêázzpÉy†r–=Háwòá_ápòár–=¯ÖQv`qáqXá_`átòz@DB¡L‹<–É<‘√8–ÉÃ=êÉËA:º√<¸Ç8Ñ√<îÉË¡/‹¬;»9Ã·Åí `&lÿ!Êa‹`ËÅÙ@ÿ·∆!ÿ°Ù@Ã!∆°Ë4A406ÏÛ0n0Ù@z†Ï„ÏPz†øê
Ì ÏÄ
Ç
Ñ
∫ò)váyò7òz =–vxáqv(`Ã4ç;Ñ√<ÃÉÃ=êÉËA:º√<¸Ç8Ñ√<îb "2Hf&mÿ!Êa‹`ËÅÙ@ƒ!Ê!∆·ÊÅ‰°¬°ƒ°Ã!ƒ1S7ÏÛ0n0Ù@z†Ï„ÏPz†Ê„PÙ‡‚ÛPX8 8Jö"Jò¸ˇ_Xà &`å †èl ô#ÄHÑ≤a‡,iä(aÚˇq`!~iä(aBE»	I	ô‰@
 §¿L–8∞C8Ã√<∏¡<–9ËÅå=‰<în<$N PHHF RR The&iÿ!Êa‹`ËÅÙ@‹°⁄·‡°Ë	‘2ì4ÏÛ0n0Ù@z†ÓPÌÁPÙÄ	zôâváyò7òz =–qáyHáq¯Ötxáy@à∆ @ãÃLÿ8∞C8Ã√<∏¡<–9ËÅàC8ÃC:å√/º√<–É<îC8¥b≤ ÄfRÄjJ†@7f ¿»Ä“)ÇÇ ÒAaÄ|
A30@@%  °9Ç†
 DT4ì)Ã=»C=å=∏¡<–9ËÅ¸Ç-î√8–√;»√/àC8ÃC9A:∏=∞Ã=êÉËA8∞;º√8Ñ=ºÉ<A:∏=¯¯ÅË¡/ÿB9å=ºÉ<¸B:¥<∞√/êC8–C8†ÅÑÑd¶PòzêázzpÉy†r–=¯[(áq†áwêá_ápòár‡Étpz`0òz =–Ép`vxáqzxy‡Étpz0=–É_∞Örzxy¯Öthx`ÕÑÕ=»C=å=∏¡<–9ËÅ¸Ç-î√8–√;»√/àC8ÃC9† i¶hÿ!Êa‹`ËÅÙ@Ï°∆ÅﬁAPêDJEPX"¶2(,ëêS66™$UÜçç)¢¢§"(X—!A!ã¥f¢∆Å¬aÊ¡ÊÅ»AÙ ÿÅﬁa¬ÅﬁAP @\EPË"/:*ÇÖÕ‰ç;Ñ√<ÃÉ¸¬/úÉ;‘√/å>‡ÉËÅ;î√=¸B8∞;º√8Ñ=ºÉ<† Ä∆ä†@FeÖP !È¢≥"tYQZh≠
$$‘V+z+ÑB	≈BÅåÅÊä@BBuÖPË"!°ªB(,ëêP^HñhØ
d$$‘WÑ%Ñ˙õI∆Å¬aÊ¡~·Œ¡Í·∆AÙ‡~¡ﬁA⁄!ÿ·“Å A¬ÅﬁAP@BÅe@§¡2êX!Pa)HHHH∫ËêHäê(HäE@X"FB(É££#=°ã"ãÄ@FìePL§ 2êt!–e!H»(≥¥Y
ÖÅ"Í$¢ÅÄ) #–YQuëë‡L›<–É<‘√8–ÉÃ=êÉËA:∏=î√9»C8∞√/å√;∏√<–C8∏=† ÄT…ëc ∆XcÜ<¿Ç1C,|¡ò⁄ 3Ùå“BÇ1√nåA0f0∆>"¡òVæ`Ã.V0f(ô+3åc’qÉ`ÃÄ?må HÇ1√-ΩA0f0)&3»‘cÜ∫rÉ`Ã0^qåh¨Ç1C¨ÕA0f π\∆ΩßcÜ˚”É`ÃácÜ\x!3‘e¿cÜÿ‘ 3Ïg‡¡ò!MÉ>∆ÊÄA0f0ŸÄ∆bT¡ò·nÉ3∆æÃA0fà·†Ç1ÉU0fòÂ`Ç1É?}åˆ:hÉ`ÃÄﬁAcÜZ!3à{–¡ò·ÂÉw∆˛l¡Ñ	¿~¡Ë†‡a⁄Ä“¡Í⁄‡‹°6îA9¥A;ËA9¥A:ÿËÅ–Aò¿ÅƒÅ‡A∏ËAÿÅÃÅËÅ–AÃB»¨h‹Ä Ë¡ÊÅ¬AË°‡AÈ!Bb»êë"CÇF√"!Mæ<;†ú@®Ö!      v@g(0Ä       @¿YàY  ÌÄ¯P Ê`∞Ö$      v@†(u0‹B     4Üà–Ö]0d∫E°∫        Ä!;
          ôFR∏¯ Ä        `»§ì
@          C&≥Q  †       x! ÜLj)w  É       0dÇKÅ*          Ä!Ä± Là  @   ¿ê	W Ä)    @ Ä 2ë¶@@           C&‹Ó Ä P         ÜL/*@¥ ¿        0d˙QAd         `»î+ ¿Ñ   0 º C¶\å; Ä¡       Ä 2˝™`‹        ¿ê©\„ `0         ÜLÎ*w         0däW¡∏        Ä!”Ω
∆ ¿Ä       @ ô˙U0Ó         `»4≤Çq 0        C¶îå; Ä¡       Ä 2Ω¨`‹        ¿ê©f„ `@         ÜL±› Là  @   ¿ê	⁄@ `B   (   ÜL=¡¯ Là  @   ¿ê)-‰  `B   8   ÜLª1Â  "     0dÚ08 ò      Ä!ìè»A: ¿‘    † @ ô`Âª ò Ä  Ä`»Ù.ñ ¿‰ @   ¿ @ ôvVà÷          `»ƒ∂¬s@           C¶íπ⁄ &    Ä `»ƒ3n– 0!    8  C&’qÉw Ä…    ‡Ä 2·OË Là  @   ¿ê©å‰  `z    à   ÜL∑ÙÛ  "    Ä 0d⁄[¡           Ä!ìI1æ  "   ¿ 0dí©1( ò Ä  ( Ä!S]πÅ+ ¿î    P@ ô∆+Í ¶      `»Dc}p 0I    \  C¶XõÉz Ä)     Ä 2ë\.‰ Lì      ¿ê©˜¥} Ä	    @Ä 2›üÙ Lî      ¿ê)4¯ ò    8 Ä!S.º0 0U     t  C¶∫∏} Ä	    ¿Ä 2≈f†% ì!    ¿ 0d⁄œ¿N &K     0 Ä 2•i–* ”%    @ @ ôÃ5 ñ Ä	    @   ÜL&p, "    ¿ @ ôBWË¸          `»$∂Aı 0e     ê ¿êÈnÉ3à	 ò4      ‡Ö 2˘n0È  S#    Ä @ ôb8hÉò ÄI    ‡   ÜL~T/ S      @ ôf9XÉô Ä	        ÜL˛ÙAM ¿¥	   †  C¶Ω⁄‡& `z    X Ä!zmê 0    ∞ ¿ê…wÏÄ ¿         ÜLˆ+;         0d™Ò†N &K    Ä6 Ä 2â{–' ì    Ä @ ô^>xáì Ä…    ‡   ÜL˛lı        @ ôˆW–zÄ        `»T√¬u 0@       
#=  dÅ       2òLêå	&G∆C
†ô%&Bö®F3{yLÀu∫oÛ+/áŸÏ˜¯õvœÀr:îˇˇå P◊)ñt0»“Ä≠¡}é A	B9  ±  {   3Äƒ·f=àC8Ñ√åBÄyxsòqÊ ÌÙÄ3B¬¡Œ°f0=àC8ÑÉÃ=»C=å=Ãxåtp{yHáppzpvxáp áÃÏê·0n0„P3ƒﬁ!ÿ!¬af0â;ºÉ;–C9¥<ºÉ<Ñ;Ãv`{h7hárh7Äápêáp`v(v¯vxáwÄá_áqáròáyòÅ,ÓÓ‡ı¿Ï0b»°‰°Ã°‰°‹a !ƒÅ a÷êC9»C9òC9»C9∏√8îC8à;î√/ºÉ<¸Ç;‘;∞√«iápXárpÉthx`átát†áŒSÓ ÚP‰ê„@· ÏP3 (‹¡¬A“!‹Å‹‡‰·ÍfQ8∞C:úÉ;ÃP$v`{h7`áwxxòQLÙêP3j aË!ﬁ¡~‰°Ã!aTÖÉ8Ã√;∞C=–C9¸¬<‰C;à√;∞√å≈
áyòáwátz(ròÅ\„Ï¿ÂPÛ0#¡“A‰·ÿ·ﬁfH;∞É=¥ÉÑ√8åC9Ã√<∏¡9»√;‘<    y   /   rH Cà	r2H #Ååëë—D†(d<12Béê!£H¨ Jí∞wchar_sizePIC LevelPIE Levelclang version 8.0.0 (tags/RELEASE_800/final)#D/å æ0Ç@¸¬3E`Ã02√p»!#Å	 àçÕÆÕ•Ìç¨é≠Ã≈å-ÏlnîIîTÿÿÏ⁄\“» ‹ËF	   ©     
r(áwÄzXpòC=∏√8∞C9–√ÇÊ∆°ËA¬¡Ê!Ë!ﬁ¡ —     Ã<§É;ú;î=†É<îC8ê√   a      A,      Ùc€É@# 40‘ !Ñ8  # Ç`¿Ω@#Ç` 
ª0„†!1     Ü          a   6   F,      0@CD# DPˆ# 40‘1t0Â@îâŒ  3™@Ù)ÃDD/å¬Lƒ@Ù(ÃDD/Ä¬àÄ ‹A8$1∞#àÇ`P
·0ã2bP ¨ ≈∞A$0ÚÅ Æ1 à,Ù¬:” a Ç»@–B/º0bP ¨¿«*ÛÉX¿hB G@ £	B0l@¡ åÇ+¸Ç2KP2@!≥ç Ã6B0g  a      ¡àÄ ‹A+å Ç¡∞Ç a   	   ¡Lƒ*Ω@
√D  K$´1(É[0Ö@   a      ¡Lƒ*Ω@
3d@Ù)A √D0 	KÑ2bPàÇA=ÃA0b`| ÆPC†   a   -   D,      D0 3´@Ù)ÃDD/Ä¬LAÙ(CA 4,ë¨∂'Åad ∂˝hÑíÜ’ˆ§!Xñ¿∂A#Q@Br±⁄Éb@“°Çi2 A$Œ·ê!»∆jG
¡‡\!–yÉB,Ä ‡F`ÿÄêMÇaB
 #´1(É[êÖ`ñ` jÄåe Ç`‡≤0    a      ¡àÄ ‹¡*(   a      ¡àÄ ‹¡)(   a      ¡àÄ ‹Å*å Ç¡§Ç a      Åa      ¡àÄ ‹*(   a      ¡àÄ ‹Å*(   a      ¡àÄ ‹Å)(   a      ¡àÄ ‹A)(   a      ¡àÄ ‹)(   a      ¡àÄ ‹¡((   a      ¡àÄ ‹Å*(   a      A,      D0 3∂@Ù)¡@ Xëû4√0bP ∫`
Åa      ¡LD.Ω@
√D  Y$ÉÆ1(_ Ö ∞1(Ép Ö@  a   	   ¡LD/Ω@
√D  ]$≤1(ÉrÖ@   a      A,      D0@$#  3‡@Ù)A Äë~41l@Ù£A(îa"(†ÉÅÅA 
a      ¡L9Ω@
√D  dDa      ¡LΩ@
3d@Ù)ÃDÙ—§0l@BA √D@ $Ñ2b`  ÌB† a      A,      D0 3∂@Ù)¡@ Xëû4√êA◊n    a   0   D,      D0@Ö  3∂@Ù)ÃDD/Ä¬LAÙ(ÉA 4Xëû4Üëÿˆ£!@
HHO
E… l˚—0$§'â„d ∂˝h àíB¶Äê'ÅE”$ "Å¨5AO"À1(]`Ö@Á
±  F`ÿÄ∞MÇa¬
†'ï¶çÇÅ.¿B0K06@Fä2 A0É[ a      ¡àAAÄ ¨É#DÄ ‹Å0    a      ¡LΩ@
3d@Ù)A √D0 	$Ñ2b`  Ì¿B†  a      ¡LΩ@
3d@Ù)A √D0Ä  a      C,      D2@#  3∂@Ù)ÃDê—§0ÅΩ@
√ƒÄ¿∞!0l@–`Eh !√¡≥ÅÙ§a8é∫ñB18Ã ¡ DaÇYA a   	   ¡LD.Ω@
√D  Y$ÉÆ1(_†É@   a      ¡LD/Ω@
3d@Ù)ÃD D/ê¬∞10l@A 4të»ñB18 Éy‡ÉA   a      ¡L9Ω@
3d@Ù)ÃD D/ê¬∞10l@A 4êHH;bP ~†Å   a   	   ¡LD/Ω@
√D  ]$≤1(ÉròÉ@   a      ¡L9Ω@
√D  dDa   >   D,      D0 3´@Ù)ÃDê—§0D/ê¬∞10l@–∞D2∞⁄û4Üëÿˆ£!@
HHV€ìÜ`Y2 €~4D	n0Ç0òeÑ ´ÌICEtm>V€ìÜÄ¢2 €~4G	!ãÑåb Ç`P¶åg Ç`p®ÄAZV€ìÜ`€2 €~4›P@B:Åî¡∞10K0åÇ¡>¨◊/¬`ÿÄ 0 !#ÖÄ ‘,=p2 
H»à¡Å ˘ b≥É  a      ¡LΩ@
√D  $d    a      ¡LD/Ω@
3d@Ù)ÃDê—§0l@BA √D@ ]$≤%ÇÑABF
1 A0®á:Fé4 A0Ëá9 Ü@  a      ¡LΩ@
√D  $d    a   ñ   A,      D0@%@Cu`A9… !   3!AÙ)ÃD¨—§0AD/ê¬LBÙ)ÃDê—§0AD/ê¬LBÙ)ÃDÑ—§0AD/ê¬LΩ@
=pPûgÿÄ$6 îâ Üà$" Rñ»à¡Ä ¸√–3l@(§`µ=i¶)∞ÌGCPUêêa¬	 ´ÌICÄaÄm?-( !√Ñ¿àAAÄ Ï)0=pà∫nÿÄ10‘ ¡`$N!ìÜ* Ä|¨ñ02b`  %Å
B0l@TPEBÜà* Äú¨∂'êA]K	!ÅtAHH»àA! ıÄ¡à¡q ˜†∆ â	1(÷ ¡@%b·( !$$?´1(∆ ¡ ﬁ!1@ÿ ¡‡$n¡ Ü`ÿÄ ÉÄ àHH'=6 Ã  ÄÉb@T"ﬁÄBl@B(HH¢Å’éc Ç`ê¯å l Ç`p‡PC0l@¥A@ πVKs@B≤¨∂'Å¯A`€èÜ HÅBy@BR@»ÚÑ 0
18 Éw¯f	HHH‚Å’ˆ§!HÖT» l˚—¨¬*AA ‰$$˚¿j{“∏Ç+d ∂˝h`·Üà†  "B™Ä@:Å I
V€ìÜ†j!∞ÌGCpª0l@( a      A,      D0 3!AÙ)ÃD¨—§0l@P∞D2∞⁄û4Eëÿˆ£!8ò£@j"é†ÇP@B6  a      ¡L9Ω@
3d@Ù)ÃDê—§0l@BA √D@ dÑí¡¿f@≤TêêÉB@Í¡
∆∞A†    a   9   «Lƒ*Ω@
3—§01Ω@
3—§0ÅΩ@
√DÅ¿∞A0l@P±DF
¡Ä%‘ 1(ñP·Ñ A √B@≥ÅP2@F
7 A07xƒ† @X‚éÉÇ A0`	8@Ü% Ä„@^‚îÜrD √Ñ 9dƒ† @X¢ö·! ÉYb(B #Ç`¿y 7ÅÃ2E0bP ,±“,ÅAô%0*Çä   a      A,      ÑP 3"AÙ)ÃDà—§0l@A $íÉb@T
HÇdƒ†XïXÉÄíB¶Äê'ÅC    a      A,      D0 3!AÙ)ÃD¨—§0l@P∞D2∞⁄û4Eëÿˆ£!8é£@j"é†ÇP@B6  a      D,      Ñ0@# D2  3∂@Ù)ÃD D/ê¬∞!0l@ê`EH@ √¡≥ÅÙ§a8é∫ñ2b`òÇ¡MêÅÃ≥√@%l a      ¡LΩ@
3d@Ù)ÃDê—§0—D/ê¬LÑZΩ
√Dë¿∞A 0l@ÇA Tê*H$Ñä.2bÄ∞Ç¡IÄ1¡    a   
   A,      D0 3"AÙ)¡@ í8√∞  a      ¡Lƒ*Ω@
√D  K$´1(∆ ¡ ¿ 1(‡ ¡ &ƒ ÿ $    „ 
a ^XPB Ï        a      A,      D0@Ö  3´@Ù)A ,ë¨∂'AQd ∂˝hÜíÜ’ˆ§!Pî¿∂√P@B“@»ÚÑ 0Ä(`    a      ƒLÑKΩ@
3.AÙ)ÃD∏—§0l@A $8
éÑ2‹0d0ÀédÿÄHò%q$√Ñ¿,¡@ä#Ÿ     a      C,      ÑP˛ˇˇˇˇˇˇˇ? 3Ω@Ù)ÃD D/ê¬LBÙ)CA √Ñ@ ]dƒ†ÄÉòÉ`ÿÄòyD·%¬Ä(@ ÃbÄ4ö #EÄ ¯A)  a      A,      D0 3∂@Ù)¡@ Xëû4√êA◊n    a   	   ¡LD/Ω@
√D  ]$≤1(ÉôËÇ    a      ƒLÑKΩ@
3.AÙ)ÃD∏—§0l@A 8
éÑ2‹0d0ÀédÿÄHò%q$√Ñ¿,¡@ä#Ÿ     a      A,      ÑP˛ˇˇˇˇˇˇˇ? 3‰@Ù)¡@ êë   a   6   A,      D0 3"AÙ)ÃD§—§0l@A $í8AC"°ÄÑC@ $   ‹ÑÅ(åIîÖiúä§â™¨À¥çÎº¬@∆Ä ¿Œ “@÷Ä⁄¿ﬁ ‚ÄÍ@Ê¿Ó Ú@ˆÄ˙¿˛ BAFÅJ¡NRAVÅZ¡^bAfÅj¡nrAvÅz¡~¬A∆Å ¡Œ“A÷Å∆    a      ¡LD/Ω@
3—§0l@¡@ $të»ñ2bp  9—	¥   a      C,      ÑP 3‰@Ù)ÃD D/ê¬Lƒ@Ù)√A √Ñ`¿∞@°ÅåÇ¡LàÅ0‹ b0À¡à· w Lπ ëÉ A0ÿâ02 Ÿ   a      ¡LÑZΩ
3d@Ù)ÃDê—§0AD/ê¬LD/Ω@
√ë¿∞1 0l@ÅA Dê"H$Ñà.2bÄ∞Ç¡I|ƒ  a      ¡LΩ@
3d@Ù)ÃDê—§0—D/ê¬∞A 0l@ÇA √DP $dƒ† @Í!® !#Ç`P[@	1(ÉzË:∫»à¬ '!   a   )   C,      ÑP# D4    3d@Ù)ÃDê—§0AD/ê¬LD/Ω@
3—§0l@ƒB √ƒ†¿∞!$@	!ÉÑ§Äê) ‰	A`–P¿∞q@n3òeÑÄí¡¿“CB2Xj»ïå q Ç`–iP5K PDBB ù@Ç   a      ¡LΩ@
√D  $d    a      ¡àÄ ‹¡.(   q   9   2"Ñê®PJÅ›ÿPNÅ8XÅ∞Xa[ÅºxA\Å«ò—\Å”∏ë]ÅﬂÿQ^ÅÎ¯_Å ˇ“hÅ"ò8≤jÅ$≤X2lÅ&–x"xÅ*ã∏íyÅ,£ÿÚ{Å. ¯“}Å1Ô(£Å3ÅHåÅ5…hÛçÅ7ÁàÛüÅ9î®£™Å;Â»„ØÅ=ìË„∫Å?«4ΩÅAË8»ÅDòXtÀÅFƒxÙÃÅHÁòDœÅJ¨∏¥€ÅNŸ¯ﬂÅPè•ÎÅS¬       e  {  î‡+      ,
     D      P   0   –  T   ∞	     1
     D
     L
          T                 !   9      Q      p   -   ù      ©   2   €   #   ˛         2   P     o     Ö     ú  .      .   ¯  -   %  2   W  /   Ü     í  #   µ  .   „  1     =   Q  3   Ñ  Y   ›     ˜  :   1  (   Y  \   µ     —  *   ˚  .   )  =   f      Ü     ¢     ∑  '   ﬁ  3     -   >     S  +   ~  =   ª  -   Ë  -     M   b  -   è  o   ˛     W     W     ˇˇˇˇ   l     l     ˇˇˇˇ4  É     É     ˇˇˇˇ4  ö     ö     ˇˇˇˇ$  ¶     ¶     ˇˇˇˇ $  ™     ™     ˇˇˇˇ    ∞     ∞     ˇˇˇˇ,                    6     !      !      $  ƒ     ƒ     ˇˇˇˇ$  ÿ  7   ÿ  7   ˇˇˇˇ$  	     	     ˇˇˇˇ$  	  :   	  :   ˇˇˇˇ$  9      9         6  Y	     Y	     ˇˇˇˇ    _	     _	     ˇˇˇˇ    e	     e	     ˇˇˇˇ    k	     k	     ˇˇˇˇ    q	     q	     ˇˇˇˇ    w	     w	     ˇˇˇˇ    }	     }	     ˇˇˇˇ    É	     É	     ˇˇˇˇ    â	     â	     ˇˇˇˇ    è	     è	     ˇˇˇˇ    ï	     ï	     ˇˇˇˇ    Q      Q         6  p   -   p   -      6  ù      ù         6  ©   2   ©   2      6  €   #   €   #      6  ˛       ˛          $    2     2   	   $  P     P     
   6  o     o        $  õ	     õ	     ˇˇˇˇ$  ¨	     ¨	     ˇˇˇˇ$  Ö     Ö        $  ú  .   ú  .      $     .      .      $  ¯  -   ¯  -      6  %  2   %  2      $  W  /   W  /      $  ª	     ª	     ˇˇˇˇ$  Ü     Ü        6  í  #   í  #      6  µ  .   µ  .      $  „  1   „  1      $    =     =      $  Q  3   Q  3      $  Ñ  Y   Ñ  Y      $  ›     ›        $  ˜  :   ˜  :      $  1  (   1  (      $  Y  \   Y  \      $  µ     µ        $  —  *   —  *      $  ˚  .   ˚  .      $  )  =   )  =       $  f      f      !   $  Ü     Ü     "   $  ¡	     ¡	     ˇˇˇˇ$  ¢     ¢     #   $  ∑  '   ∑  '   $   $  ﬁ  3   ﬁ  3   %   $    -     -   &   $  >     >     '   $  S  +   S  +   (   $  ~  =   ~  =   )   6  ª  -   ª  -   *   $  Ë  -   Ë  -   +   $  ﬁ	     ﬁ	     ˇˇˇˇ$  ˆ	     ˆ	     ˇˇˇˇ$    M     M   ,   $  b  -   b  -   -   $  è  o   è  o   .   $  ˛     ˛     /   $  ˚	     ˚	     ˇˇˇˇ,  
     
     ˇˇˇˇ             ˇˇˇˇ    '     '     ˇˇˇˇ	  3  	   3  	   ˇˇˇˇ  Y
     <     ˇˇˇˇ   _
     @     ˇˇˇˇ   F     F     ˇˇˇˇ           L
      L
             L
      L
         ]  ù  îÁ,   _ZNSt6vectorIiSaIiEEC2Ev_ZNSt6vectorIiSaIiEE9push_backEOi_ZNSt6vectorIiSaIiEED2Ev_ZNSt12_Vector_baseIiSaIiEEC2Ev_ZNSt12_Vector_baseIiSaIiEE12_Vector_implC2Ev_ZNSaIiEC2Ev_ZNSt12_Vector_baseIiSaIiEE17_Vector_impl_dataC2Ev_ZN9__gnu_cxx13new_allocatorIiEC2Ev_ZSt8_DestroyIPiiEvT_S1_RSaIT0_E_ZNSt12_Vector_baseIiSaIiEE19_M_get_Tp_allocatorEv_ZNSt12_Vector_baseIiSaIiEED2Ev__clang_call_terminate_ZSt8_DestroyIPiEvT_S1__ZNSt12_Destroy_auxILb1EE9__destroyIPiEEvT_S3__ZNSt12_Vector_baseIiSaIiEE13_M_deallocateEPim_ZNSt12_Vector_baseIiSaIiEE12_Vector_implD2Ev_ZNSt16allocator_traitsISaIiEE10deallocateERS0_Pim_ZN9__gnu_cxx13new_allocatorIiE10deallocateEPim_ZNSaIiED2Ev_ZN9__gnu_cxx13new_allocatorIiED2Ev_ZNSt6vectorIiSaIiEE12emplace_backIJiEEEvDpOT__ZSt4moveIRiEONSt16remove_referenceIT_E4typeEOS2__ZNSt16allocator_traitsISaIiEE9constructIiJiEEEvRS0_PT_DpOT0__ZSt7forwardIiEOT_RNSt16remove_referenceIS0_E4typeE_ZNSt6vectorIiSaIiEE17_M_realloc_insertIJiEEEvN9__gnu_cxx17__normal_iteratorIPiS1_EEDpOT__ZNSt6vectorIiSaIiEE3endEv_ZN9__gnu_cxx13new_allocatorIiE9constructIiJiEEEvPT_DpOT0__ZNKSt6vectorIiSaIiEE12_M_check_lenEmPKc_ZN9__gnu_cxxmiIPiSt6vectorIiSaIiEEEENS_17__normal_iteratorIT_T0_E15difference_typeERKS8_SB__ZNSt6vectorIiSaIiEE5beginEv_ZNSt12_Vector_baseIiSaIiEE11_M_allocateEm_ZNSt6vectorIiSaIiEE11_S_relocateEPiS2_S2_RS0__ZNK9__gnu_cxx17__normal_iteratorIPiSt6vectorIiSaIiEEE4baseEv_ZNKSt6vectorIiSaIiEE8max_sizeEv_ZNKSt6vectorIiSaIiEE4sizeEv_ZSt3maxImERKT_S2_S2__ZNSt6vectorIiSaIiEE11_S_max_sizeERKS0__ZNKSt12_Vector_baseIiSaIiEE19_M_get_Tp_allocatorEv_ZNSt16allocator_traitsISaIiEE8max_sizeERKS0__ZSt3minImERKT_S2_S2__ZNK9__gnu_cxx13new_allocatorIiE8max_sizeEv_ZN9__gnu_cxx17__normal_iteratorIPiSt6vectorIiSaIiEEEC2ERKS1__ZNSt16allocator_traitsISaIiEE8allocateERS0_m_ZN9__gnu_cxx13new_allocatorIiE8allocateEmPKv_ZNSt6vectorIiSaIiEE14_S_do_relocateEPiS2_S2_RS0_St17integral_constantIbLb1EE_ZSt12__relocate_aIPiS0_SaIiEET0_T_S3_S2_RT1__ZSt14__relocate_a_1IiiENSt9enable_ifIXsr3std24__is_bitwise_relocatableIT_EE5valueEPS1_E4typeES2_S2_S2_RSaIT0_E_ZSt12__niter_baseIPiET_S1__ZStL8__ioinit__dso_handle_ZSt4cout.str.str.1llvm.global_ctors__cxx_global_var_init_ZNSt8ios_base4InitC1Ev_ZNSt8ios_base4InitD1Ev__cxa_atexitmain_ZL1Avllvm.memset.p0i8.i64__gxx_personality_v0_ZStlsISt11char_traitsIcEERSt13basic_ostreamIcT_ES5_PKc_ZNSolsEPFRSoS_E_ZSt4endlIcSt11char_traitsIcEERSt13basic_ostreamIT_T0_ES6__ZL1Bv_ZL1Gv_ZL1Cv_ZL1Dv_ZL1Xv_ZL1Yv_ZL1Mv_ZL1Nv_ZL1Ov_ZL1Pv_ZL1Sv__cxa_begin_catch_ZSt9terminatev_ZdlPv_ZSt20__throw_length_errorPKc_ZSt17__throw_bad_allocv_Znwmllvm.memmove.p0i8.p0i8.i64_GLOBAL__sub_I_test.cpp8.0.0x86_64-pc-linux-gnutest.cpp.text.startup.L.str.L.str.1     